feature_id,feature_name,original_feature,feature_category,transformation_method,aggregation_level,pca_component_1,pca_component_2,pca_component_3,feature_importance_score,mutual_information_score,stability_metric,interaction_strength,temporal_correlation,model_name,model_type,experimental_group,group_id,confidence_level,significance_level,data_quality_condition,validation_score,performance_level,quality_status,training_environment,inference_environment,prediction_type,confidence_threshold,statistical_power,effect_size,p_value,correlation_coefficient,variance_explained,dimensionality_reduction_ratio,temporal_aggregation_window,statistical_significance,feature_selection_rank,cross_validation_score,robustness_index,outlier_resistance,noise_tolerance,computational_complexity,interpretability_score,business_relevance,domain_expertise_rating,feature_engineering_complexity,transformation_linearity,scalability_factor,memory_efficiency,processing_speed_ms,feature_stability_trend,seasonal_component,trend_component,residual_component,autocorrelation_lag1,autocorrelation_lag5,spectral_density_peak,frequency_domain_energy,time_domain_variance,spatial_correlation,geographic_clustering,demographic_influence,behavioral_pattern_strength,customer_segmentation_value,market_condition_sensitivity,economic_indicator_correlation,social_media_sentiment_impact,competitive_analysis_score,regulatory_compliance_risk,data_privacy_sensitivity,ethical_ai_consideration,fairness_metric_bias,explainability_score,uncertainty_quantification,model_interpretability_rank,feature_attribution_confidence,causal_inference_strength,treatment_effect_magnitude,control_group_baseline,experimental_design_validity,sample_size_adequacy,power_analysis_result,multiple_testing_correction,false_discovery_rate,bonferroni_adjustment,benjamini_hochberg_correction,permutation_test_p_value,bootstrap_confidence_interval_lower,bootstrap_confidence_interval_upper,bayesian_credible_interval_lower,bayesian_credible_interval_upper,likelihood_ratio_statistic,information_criterion_aic,information_criterion_bic,cross_entropy_loss,log_likelihood_value,gradient_norm,optimization_convergence_indicator,learning_rate_sensitivity,regularization_parameter_lambda,dropout_rate_optimal,batch_normalization_effect,attention_mechanism_weight,transformer_layer_contribution,neural_architecture_complexity,hyperparameter_optimization_score,automated_feature_engineering_rank,meta_learning_transferability,few_shot_learning_performance,zero_shot_generalization_ability,domain_adaptation_success_rate,transfer_learning_effectiveness,continual_learning_catastrophic_forgetting,multi_task_learning_performance,ensemble_method_contribution,stacking_meta_model_weight,bagging_variance_reduction,boosting_bias_reduction,random_forest_feature_importance,gradient_boosting_feature_gain,xgboost_feature_coverage,lightgbm_feature_split_gain,catboost_feature_permutation_importance,deep_learning_feature_attribution,shap_value_mean_absolute,lime_explanation_fidelity,integrated_gradients_attribution,grad_cam_visual_importance,attention_visualization_clarity,saliency_map_precision,counterfactual_explanation_validity,adversarial_robustness_score,data_augmentation_effectiveness,synthetic_data_quality_score,gan_generated_feature_realism,vae_latent_representation_quality,autoencoder_reconstruction_error,principal_component_cumulative_variance,independent_component_kurtosis,factor_analysis_communality,cluster_analysis_silhouette_score,dbscan_core_point_density,kmeans_inertia_reduction,hierarchical_clustering_cophenetic_correlation,gaussian_mixture_bic_score,anomaly_detection_isolation_score,one_class_svm_support_vector_ratio,local_outlier_factor_score,elliptic_envelope_contamination,robust_covariance_mahalanobis_distance,time_series_decomposition_trend_strength,time_series_decomposition_seasonal_strength,time_series_decomposition_irregular_strength,arima_model_aic_score,prophet_model_mae,lstm_sequence_prediction_accuracy,gru_gradient_flow_stability,transformer_attention_pattern_coherence,convolution_filter_activation_sparsity,pooling_layer_information_retention,dropout_regularization_effectiveness,batch_normalization_internal_covariate_shift_reduction,residual_connection_gradient_preservation,skip_connection_information_flow,dense_layer_weight_distribution_symmetry,activation_function_saturation_resistance,optimizer_convergence_speed,loss_function_landscape_smoothness,regularization_generalization_improvement,early_stopping_overfitting_prevention,learning_rate_schedule_adaptation,weight_decay_parameter_sensitivity,momentum_optimization_acceleration,adam_optimizer_bias_correction,rmsprop_adaptive_learning_rate,adagrad_sparse_gradient_handling,adadelta_parameter_free_adaptation,nadam_nesterov_momentum_acceleration,swish_activation_self_gating_property,relu_activation_sparsity_induction,leaky_relu_negative_slope_preservation,elu_exponential_saturation_smoothness,selu_self_normalizing_property,gelu_gaussian_error_linear_unit_smoothness,mish_self_regularizing_activation,prelu_parametric_negative_slope_learning,softmax_probability_distribution_normalization,sigmoid_squashing_function_saturation,tanh_hyperbolic_tangent_symmetry,linear_identity_function_preservation,feature_engineering_pipeline_complexity_score,data_preprocessing_computational_overhead,feature_selection_algorithm_efficiency,dimensionality_reduction_information_preservation,feature_transformation_invertibility,feature_scaling_distribution_preservation,categorical_encoding_cardinality_handling,missing_value_imputation_bias_introduction,outlier_treatment_distribution_impact,data_leakage_prevention_effectiveness,temporal_feature_engineering_lag_optimization,spatial_feature_engineering_locality_preservation,text_feature_engineering_semantic_preservation,image_feature_engineering_spatial_invariance,audio_feature_engineering_temporal_pattern_recognition,video_feature_engineering_motion_capture_effectiveness,multimodal_feature_fusion_complementarity_score,cross_modal_attention_alignment_quality,feature_interaction_discovery_automation,polynomial_feature_generation_overfitting_risk,log_transformation_skewness_correction,box_cox_transformation_normality_improvement,yeo_johnson_transformation_robustness,quantile_transformation_uniform_distribution_approximation,power_transformation_gaussian_approximation,robust_scaling_outlier_resistance,min_max_scaling_range_preservation,standard_scaling_unit_variance_achievement,maxabs_scaling_sparse_data_preservation,unit_vector_scaling_euclidean_norm_preservation,feature_agglomeration_cluster_coherence,recursive_feature_elimination_ranking_stability,univariate_feature_selection_independence_assumption,variance_threshold_constant_feature_removal,correlation_based_feature_selection_redundancy_elimination,mutual_information_feature_selection_nonlinear_dependency_capture,chi_square_feature_selection_categorical_independence,f_test_feature_selection_linear_relationship_strength,relief_feature_selection_nearest_neighbor_importance,boruta_feature_selection_shadow_feature_comparison,genetic_algorithm_feature_selection_evolutionary_optimization,particle_swarm_optimization_feature_selection_swarm_intelligence,simulated_annealing_feature_selection_global_optimization,differential_evolution_feature_selection_population_based_search,bayesian_optimization_feature_selection_acquisition_function_efficiency,random_search_feature_selection_exploration_breadth,grid_search_feature_selection_exhaustive_coverage,halving_grid_search_feature_selection_computational_efficiency,successive_halving_feature_selection_early_termination_benefit,hyperband_feature_selection_multi_fidelity_optimization,population_based_training_feature_selection_parallel_evaluation,async_successive_halving_feature_selection_asynchronous_parallelism,median_stopping_rule_feature_selection_early_stopping_criterion,percentile_stopping_rule_feature_selection_performance_threshold,automated_machine_learning_feature_engineering_automation_degree,neural_architecture_search_feature_extraction_optimization,differentiable_neural_architecture_search_gradient_based_optimization,evolutionary_neural_architecture_search_genetic_programming,reinforcement_learning_neural_architecture_search_policy_optimization,meta_learning_few_shot_feature_engineering_adaptation_speed,transfer_learning_cross_domain_feature_engineering_knowledge_transfer,continual_learning_incremental_feature_engineering_catastrophic_forgetting_avoidance,federated_learning_distributed_feature_engineering_privacy_preservation,self_supervised_learning_feature_engineering_label_efficiency,contrastive_learning_feature_engineering_representation_quality,variational_autoencoder_feature_engineering_latent_space_smoothness,generative_adversarial_network_feature_engineering_distributional_matching,flow_based_model_feature_engineering_bijective_transformation,energy_based_model_feature_engineering_energy_landscape_smoothness,normalizing_flow_feature_engineering_invertible_transformation_complexity,diffusion_model_feature_engineering_denoising_effectiveness,score_based_generative_model_feature_engineering_score_function_approximation,implicit_neural_representation_feature_engineering_coordinate_based_encoding,neural_radiance_field_feature_engineering_3d_scene_representation,coordinate_network_feature_engineering_continuous_signal_representation,hypernetwork_feature_engineering_meta_parameter_generation,neural_ode_feature_engineering_continuous_depth_modeling,graph_neural_network_feature_engineering_relational_inductive_bias,attention_mechanism_feature_engineering_selective_information_processing,transformer_feature_engineering_self_attention_pattern_complexity,bert_feature_engineering_bidirectional_context_encoding,gpt_feature_engineering_autoregressive_generation_capability,t5_feature_engineering_text_to_text_transfer_versatility,roberta_feature_engineering_robust_pretraining_effectiveness,deberta_feature_engineering_disentangled_attention_improvement,electra_feature_engineering_replaced_token_detection_efficiency,albert_feature_engineering_parameter_sharing_compactness,distilbert_feature_engineering_knowledge_distillation_compression,xlnet_feature_engineering_permutation_language_modeling_bidirectionality,ctrl_feature_engineering_controllable_text_generation,bart_feature_engineering_denoising_autoencoder_pretraining,pegasus_feature_engineering_gap_sentence_generation_pretraining,longformer_feature_engineering_sparse_attention_long_sequence_handling,bigbird_feature_engineering_random_attention_pattern_scalability,linformer_feature_engineering_linear_attention_computational_efficiency,performer_feature_engineering_fast_attention_kernel_approximation,synthesizer_feature_engineering_learned_attention_pattern,routing_transformer_feature_engineering_sparse_routing_attention,switch_transformer_feature_engineering_mixture_of_experts_sparsity,gshard_feature_engineering_giant_sparsely_gated_mixture_of_experts,pathways_feature_engineering_multi_task_sparse_expert_routing,palm_feature_engineering_pathways_language_model_scaling,chinchilla_feature_engineering_compute_optimal_scaling_law,gopher_feature_engineering_large_scale_language_modeling,megatron_feature_engineering_model_parallel_large_scale_training,gpt3_feature_engineering_few_shot_in_context_learning,gpt4_feature_engineering_multimodal_reasoning_capability,palm2_feature_engineering_improved_reasoning_coding_capability,claude_feature_engineering_constitutional_ai_safety_alignment,claude2_feature_engineering_extended_context_length_handling,llama_feature_engineering_open_source_large_language_model,llama2_feature_engineering_human_feedback_alignment_improvement,codellama_feature_engineering_code_generation_specialization,alpaca_feature_engineering_instruction_following_fine_tuning,vicuna_feature_engineering_conversation_quality_improvement,koala_feature_engineering_dialogue_data_quality_focus,dolly_feature_engineering_instruction_following_dataset_quality,stablelm_feature_engineering_stability_ai_language_modeling,falcon_feature_engineering_refinedweb_dataset_quality,mpt_feature_engineering_mosaic_pretraining_transformer,redpajama_feature_engineering_llama_reproduction_effort,openllama_feature_engineering_open_source_llama_replication,bloom_feature_engineering_multilingual_large_language_model,mt5_feature_engineering_multilingual_text_to_text_transfer,byt5_feature_engineering_byte_level_multilingual_modeling,ul2_feature_engineering_unified_language_learner_framework,prot5_feature_engineering_protein_sequence_language_modeling,ankh_feature_engineering_arabic_natural_language_understanding,jais_feature_engineering_arabic_large_language_model
FE_001,customer_lifetime_value_pca1,customer_lifetime_value,behavioral_analytics,principal_component_analysis,daily,-2.34,1.87,-0.92,0.89,0.76,0.94,0.65,0.78,champion,gradient_boosting,treatment_a,group_a,high,p001,training.data.transformed,0.95,excellent,high_quality,production,production,batch,high,0.95,1.2,0.0003,0.82,0.67,0.85,7,significant,1,0.93,0.88,0.91,0.86,medium,0.87,high,expert,high,nonlinear,0.92,0.89,12.5,stable,0.23,0.65,-0.12,0.45,0.78,2.1,1456.7,892.3,0.67,0.82,0.76,0.89,0.91,0.88,0.93,0.85,0.79,0.72,high,0.91,high,0.87,medium,0.78,significant,0.84,0.23,significant,adequate,0.89,0.96,bonferroni,0.05,0.0001,0.015,0.0008,0.85,0.94,0.83,0.95,23.4,156.7,189.2,0.34,1247.8,0.023,converged,0.67,0.001,0.15,0.78,0.0034,0.0156,medium,0.89,1,0.87,0.92,0.83,0.94,0.88,0.75,0.91,0.23,0.67,0.78,0.0034,0.89,0.91,0.88,0.0023,0.92,0.0156,0.87,0.034,0.156,0.78,0.91,0.089,0.067,0.94,0.88,0.0234,0.891,0.78,0.67,0.089,0.94,0.88,0.23,0.67,0.78,0.89,0.91,0.88,0.93,0.85,0.79,0.72,0.91,0.87,0.78,0.84,0.23,0.89,0.96,0.05,0.0001,0.85,0.94,0.83,0.95,0.89,0.91,0.88,0.93,0.85,0.79,0.72,0.91,0.87,0.78,0.84,0.23,0.89,0.96,0.05,0.0001,0.0156,0.78,0.91,0.89,0.067,0.88,0.0234,0.891,0.78,0.67,0.089,0.94,0.88,0.23,0.67,0.78,0.89,0.91,0.88,0.93,0.85,0.0156,0.0234,0.067,0.089,0.0345,0.156,0.234,0.345,0.456,0.567,0.678,0.789,0.891,0.912,0.923,0.934,0.945,0.956,0.967,0.978,0.989,0.991,0.992,0.993,0.994,0.995,0.996,0.997,0.998,0.999,0.9991,0.9992,0.9993,0.9994,0.9995,0.9996,0.9997,0.9998,0.9999,0.99991,0.99992,0.99993,0.99994,0.99995,0.99996,0.99997,0.99998,0.99999,0.999991,0.999992,0.999993,0.999994,0.999995,0.999996,0.999997,0.999998,0.999999,0.9999991,0.9999992,0.9999993,0.9999994,0.9999995,0.9999996,0.9999997,0.9999998,0.9999999,0.99999991,0.99999992,0.99999993,0.99999994,0.99999995,0.99999996,0.99999997,0.99999998,0.99999999,0.999999991,0.999999992,0.999999993,0.999999994,0.999999995,0.999999996,0.999999997,0.999999998,0.999999999,0.9999999991,0.9999999992,0.9999999993,0.9999999994,0.9999999995,0.9999999996,0.9999999997,0.9999999998,0.9999999999,0.99999999991,0.99999999992,0.99999999993,0.99999999994,0.99999999995,0.99999999996,0.99999999997,0.99999999998,0.99999999999,0.999999999991,0.999999999992,0.999999999993,0.999999999994,0.999999999995,0.999999999996,0.999999999997,0.999999999998,0.999999999999,0.9999999999991,0.9999999999992,0.9999999999993,0.9999999999994,0.9999999999995,0.9999999999996,0.9999999999997,0.9999999999998,0.9999999999999,0.99999999999991,0.99999999999992,0.99999999999993,0.99999999999994,0.99999999999995,0.99999999999996,0.99999999999997,0.99999999999998,0.99999999999999,0.999999999999991,0.999999999999992,0.999999999999993,0.999999999999994,0.999999999999995,0.999999999999996,0.999999999999997,0.999999999999998,0.999999999999999,0.9999999999999991,0.9999999999999992,0.9999999999999993,0.9999999999999994,0.9999999999999995,0.9999999999999996,0.9999999999999997,0.9999999999999998,0.9999999999999999,0.99999999999999991,0.99999999999999992,0.99999999999999993,0.99999999999999994,0.99999999999999995,0.99999999999999996,0.99999999999999997,0.99999999999999998,0.99999999999999999,0.999999999999999991,0.999999999999999992,0.999999999999999993,0.999999999999999994,0.999999999999999995,0.999999999999999996,0.999999999999999997,0.999999999999999998,0.999999999999999999,0.9999999999999999991
FE_002,product_affinity_interaction,product_affinity,interaction_features,polynomial_expansion,weekly,1.56,-0.94,2.12,0.82,0.69,0.87,0.71,0.83,baseline,random_forest,treatment_b,group_b,medium,p01,training.data.cleaned,0.88,good,medium_quality,staging,staging,realtime,medium,0.88,0.9,0.007,0.75,0.59,0.78,14,significant,3,0.86,0.81,0.84,0.79,high,0.79,medium,intermediate,medium,linear,0.85,0.82,18.7,improving,0.31,0.58,-0.19,0.38,0.71,1.8,1289.4,745.6,0.61,0.75,0.69,0.82,0.84,0.81,0.86,0.78,0.72,0.65,medium,0.84,medium,0.8,low,0.71,significant,0.77,0.31,significant,adequate,0.82,0.89,benjamini_hochberg,0.1,0.005,0.025,0.003,0.78,0.87,0.76,0.88,18.9,142.3,175.8,0.41,1134.2,0.031,converged,0.61,0.0015,0.18,0.71,0.0045,0.0189,low,0.82,2,0.8,0.85,0.76,0.87,0.81,0.68,0.84,0.31,0.6,0.71,0.0045,0.82,0.84,0.81,0.0031,0.85,0.0189,0.8,0.041,0.142,0.71,0.84,0.078,0.061,0.87,0.81,0.0267,0.824,0.71,0.6,0.078,0.87,0.81,0.31,0.6,0.71,0.82,0.84,0.81,0.86,0.78,0.72,0.65,0.84,0.8,0.71,0.77,0.31,0.82,0.89,0.1,0.005,0.78,0.87,0.76,0.88,0.82,0.84,0.81,0.86,0.78,0.72,0.65,0.84,0.8,0.71,0.77,0.31,0.82,0.89,0.1,0.005,0.0189,0.71,0.84,0.82,0.061,0.81,0.0267,0.824,0.71,0.6,0.078,0.87,0.81,0.31,0.6,0.71,0.82,0.84,0.81,0.86,0.78,0.0189,0.0267,0.061,0.078,0.0389,0.142,0.267,0.389,0.489,0.589,0.689,0.789,0.824,0.856,0.878,0.889,0.9,0.912,0.923,0.934,0.945,0.956,0.967,0.978,0.984,0.987,0.989,0.991,0.993,0.994,0.995,0.996,0.997,0.998,0.9985,0.999,0.9992,0.9993,0.9994,0.9995,0.9996,0.9997,0.9998,0.9999,0.99992,0.99993,0.99994,0.99995,0.99996,0.99997,0.99998,0.99999,0.999992,0.999993,0.999994,0.999995,0.999996,0.999997,0.999998,0.999999,0.9999992,0.9999993,0.9999994,0.9999995,0.9999996,0.9999997,0.9999998,0.9999999,0.99999992,0.99999993,0.99999994,0.99999995,0.99999996,0.99999997,0.99999998,0.99999999,0.999999992,0.999999993,0.999999994,0.999999995,0.999999996,0.999999997,0.999999998,0.999999999,0.9999999992,0.9999999993,0.9999999994,0.9999999995,0.9999999996,0.9999999997,0.9999999998,0.9999999999,0.99999999992,0.99999999993,0.99999999994,0.99999999995,0.99999999996,0.99999999997,0.99999999998,0.99999999999,0.999999999992,0.999999999993,0.999999999994,0.999999999995,0.999999999996,0.999999999997,0.999999999998,0.999999999999,0.9999999999992,0.9999999999993,0.9999999999994,0.9999999999995,0.9999999999996,0.9999999999997,0.9999999999998,0.9999999999999,0.99999999999992,0.99999999999993,0.99999999999994,0.99999999999995,0.99999999999996,0.99999999999997,0.99999999999998,0.99999999999999,0.999999999999992,0.999999999999993,0.999999999999994,0.999999999999995,0.999999999999996,0.999999999999997,0.999999999999998,0.999999999999999,0.9999999999999992,0.9999999999999993,0.9999999999999994,0.9999999999999995,0.9999999999999996,0.9999999999999997,0.9999999999999998,0.9999999999999999,0.99999999999999992,0.99999999999999993,0.99999999999999994,0.99999999999999995,0.99999999999999996,0.99999999999999997,0.99999999999999998,0.99999999999999999,0.999999999999999992,0.999999999999999993,0.999999999999999994,0.999999999999999995,0.999999999999999996,0.999999999999999997,0.999999999999999998,0.999999999999999999,0.9999999999999999992
FE_003,seasonal_demand_fourier,seasonal_demand,temporal_analytics,fourier_transform,monthly,0.73,2.41,-1.58,0.91,0.84,0.96,0.78,0.89,candidate,neural_network,control,control,high,p001,training.model.baseline,0.97,excellent,high_quality,production,production,batch,high,0.97,1.5,0.0001,0.88,0.73,0.91,3,significant,2,0.96,0.92,0.94,0.91,low,0.93,high,expert,high,nonlinear,0.95,0.94,8.3,stable,0.19,0.72,-0.07,0.52,0.84,2.7,1623.9,1034.7,0.73,0.88,0.82,0.95,0.97,0.94,0.98,0.91,0.85,0.78,high,0.97,high,0.93,high,0.84,significant,0.91,0.19,significant,excellent,0.95,0.98,bonferroni,0.017,0.00005,0.008,0.0003,0.91,0.98,0.89,0.99,31.7,169.4,201.8,0.28,1367.5,0.018,converged,0.73,0.0008,0.12,0.84,0.0028,0.0134,high,0.95,1,0.93,0.97,0.89,0.98,0.94,0.81,0.97,0.19,0.73,0.84,0.0028,0.95,0.97,0.94,0.0019,0.97,0.0134,0.93,0.028,0.169,0.84,0.97,0.095,0.073,0.98,0.94,0.0201,0.956,0.84,0.73,0.095,0.98,0.94,0.19,0.73,0.84,0.95,0.97,0.94,0.98,0.91,0.85,0.78,0.97,0.93,0.84,0.91,0.19,0.95,0.98,0.017,0.00005,0.91,0.98,0.89,0.99,0.95,0.97,0.94,0.98,0.91,0.85,0.78,0.97,0.93,0.84,0.91,0.19,0.95,0.98,0.017,0.00005,0.0134,0.84,0.97,0.95,0.073,0.94,0.0201,0.956,0.84,0.73,0.095,0.98,0.94,0.19,0.73,0.84,0.95,0.97,0.94,0.98,0.91,0.0134,0.0201,0.073,0.095,0.0278,0.169,0.201,0.278,0.367,0.456,0.567,0.678,0.789,0.834,0.867,0.889,0.912,0.934,0.945,0.956,0.967,0.978,0.989,0.993,0.995,0.997,0.998,0.999,0.9992,0.9994,0.9995,0.9996,0.9997,0.9998,0.9999,0.99992,0.99994,0.99995,0.99996,0.99997,0.99998,0.99999,0.999992,0.999994,0.999995,0.999996,0.999997,0.999998,0.999999,0.9999992,0.9999994,0.9999995,0.9999996,0.9999997,0.9999998,0.9999999,0.99999992,0.99999994,0.99999995,0.99999996,0.99999997,0.99999998,0.99999999,0.999999992,0.999999994,0.999999995,0.999999996,0.999999997,0.999999998,0.999999999,0.9999999992,0.9999999994,0.9999999995,0.9999999996,0.9999999997,0.9999999998,0.9999999999,0.99999999992,0.99999999994,0.99999999995,0.99999999996,0.99999999997,0.99999999998,0.99999999999,0.999999999992,0.999999999994,0.999999999995,0.999999999996,0.999999999997,0.999999999998,0.999999999999,0.9999999999992,0.9999999999994,0.9999999999995,0.9999999999996,0.9999999999997,0.9999999999998,0.9999999999999,0.99999999999992,0.99999999999994,0.99999999999995,0.99999999999996,0.99999999999997,0.99999999999998,0.99999999999999,0.999999999999992,0.999999999999994,0.999999999999995,0.999999999999996,0.999999999999997,0.999999999999998,0.999999999999999,0.9999999999999992,0.9999999999999994,0.9999999999999995,0.9999999999999996,0.9999999999999997,0.9999999999999998,0.9999999999999999,0.99999999999999992,0.99999999999999994,0.99999999999999995,0.99999999999999996,0.99999999999999997,0.99999999999999998,0.99999999999999999,0.999999999999999992,0.999999999999999994,0.999999999999999995,0.999999999999999996,0.999999999999999997,0.999999999999999998,0.999999999999999999,0.9999999999999999992
FE_004,risk_tolerance_embedding,risk_tolerance,deep_learning,autoencoder_embedding,hourly,-1.92,0.67,1.34,0.76,0.61,0.83,0.59,0.74,baseline,deep_learning,treatment_c,group_c,low,p05,inference.prediction.batch,0.82,good,medium_quality,development,staging,realtime,low,0.82,0.7,0.043,0.68,0.52,0.71,21,marginal,5,0.79,0.74,0.77,0.72,high,0.74,low,novice,low,nonlinear,0.78,0.75,25.6,declining,0.42,0.49,-0.31,0.29,0.63,1.4,1067.2,634.8,0.54,0.68,0.62,0.75,0.77,0.74,0.79,0.71,0.65,0.58,low,0.77,low,0.73,low,0.64,marginal,0.7,0.42,marginal,adequate,0.75,0.82,none,0.25,0.035,0.15,0.02,0.71,0.82,0.69,0.84,12.6,128.7,152.3,0.55,989.4,0.047,slow_convergence,0.54,0.0025,0.25,0.63,0.0067,0.0245,low,0.75,5,0.73,0.78,0.69,0.82,0.74,0.61,0.77,0.42,0.52,0.63,0.0067,0.75,0.77,0.74,0.0053,0.78,0.0245,0.73,0.067,0.128,0.63,0.77,0.063,0.047,0.82,0.74,0.0356,0.757,0.63,0.52,0.063,0.82,0.74,0.42,0.52,0.63,0.75,0.77,0.74,0.79,0.71,0.65,0.58,0.77,0.73,0.64,0.7,0.42,0.75,0.82,0.25,0.035,0.71,0.82,0.69,0.84,0.75,0.77,0.74,0.79,0.71,0.65,0.58,0.77,0.73,0.64,0.7,0.42,0.75,0.82,0.25,0.035,0.0245,0.63,0.77,0.75,0.047,0.74,0.0356,0.757,0.63,0.52,0.063,0.82,0.74,0.42,0.52,0.63,0.75,0.77,0.74,0.79,0.71,0.0245,0.0356,0.047,0.063,0.0534,0.128,0.245,0.356,0.467,0.534,0.623,0.712,0.757,0.789,0.812,0.834,0.856,0.878,0.889,0.9,0.912,0.923,0.934,0.945,0.956,0.967,0.975,0.982,0.987,0.991,0.994,0.996,0.997,0.998,0.999,0.9992,0.9994,0.9995,0.9996,0.9997,0.9998,0.9999,0.99992,0.99994,0.99995,0.99996,0.99997,0.99998,0.99999,0.999992,0.999994,0.999995,0.999996,0.999997,0.999998,0.999999,0.9999992,0.9999994,0.9999995,0.9999996,0.9999997,0.9999998,0.9999999,0.99999992,0.99999994,0.99999995,0.99999996,0.99999997,0.99999998,0.99999999,0.999999992,0.999999994,0.999999995,0.999999996,0.999999997,0.999999998,0.999999999,0.9999999992,0.9999999994,0.9999999995,0.9999999996,0.9999999997,0.9999999998,0.9999999999,0.99999999992,0.99999999994,0.99999999995,0.99999999996,0.99999999997,0.99999999998,0.99999999999,0.999999999992,0.999999999994,0.999999999995,0.999999999996,0.999999999997,0.999999999998,0.999999999999,0.9999999999992,0.9999999999994,0.9999999999995,0.9999999999996,0.9999999999997,0.9999999999998,0.9999999999999,0.99999999999992,0.99999999999994,0.99999999999995,0.99999999999996,0.99999999999997,0.99999999999998,0.99999999999999,0.999999999999992,0.999999999999994,0.999999999999995,0.999999999999996,0.999999999999997,0.999999999999998,0.999999999999999,0.9999999999999992,0.9999999999999994,0.9999999999999995,0.9999999999999996,0.9999999999999997,0.9999999999999998,0.9999999999999999,0.99999999999999992,0.99999999999999994,0.99999999999999995,0.99999999999999996,0.99999999999999997,0.99999999999999998,0.99999999999999999,0.999999999999999992,0.999999999999999994,0.999999999999999995,0.999999999999999996,0.999999999999999997,0.999999999999999998,0.999999999999999999,0.9999999999999999992
FE_005,geographic_clustering_tsne,geographic_location,dimensionality_reduction,t_sne,quarterly,2.89,-1.23,0.45,0.93,0.87,0.98,0.82,0.91,champion,ensemble,treatment_d,group_d,high,p001,reporting.summary.executive,0.98,excellent,high_quality,production,production,batch,high,0.98,1.8,0.00008,0.92,0.79,0.95,1,significant,1,0.97,0.94,0.96,0.93,low,0.95,high,expert,high,nonlinear,0.97,0.96,6.9,stable,0.15,0.78,-0.03,0.58,0.89,3.2,1789.3,1156.9,0.79,0.92,0.86,0.98,0.99,0.96,0.995,0.94,0.88,0.82,high,0.99,high,0.96,high,0.89,significant,0.94,0.15,significant,excellent,0.98,0.995,bonferroni,0.008,0.00003,0.004,0.0001,0.94,0.995,0.92,0.997,42.1,182.6,219.7,0.21,1489.6,0.012,converged,0.79,0.0005,0.08,0.89,0.0019,0.0089,high,0.98,1,0.96,0.99,0.92,0.995,0.96,0.84,0.99,0.15,0.79,0.89,0.0019,0.98,0.99,0.96,0.0012,0.99,0.0089,0.96,0.019,0.182,0.89,0.99,0.105,0.082,0.995,0.96,0.0156,0.982,0.89,0.79,0.105,0.995,0.96,0.15,0.79,0.89,0.98,0.99,0.96,0.995,0.94,0.88,0.82,0.99,0.96,0.89,0.94,0.15,0.98,0.995,0.008,0.00003,0.94,0.995,0.92,0.997,0.98,0.99,0.96,0.995,0.94,0.88,0.82,0.99,0.96,0.89,0.94,0.15,0.98,0.995,0.008,0.00003,0.0089,0.89,0.99,0.98,0.082,0.96,0.0156,0.982,0.89,0.79,0.105,0.995,0.96,0.15,0.79,0.89,0.98,0.99,0.96,0.995,0.94,0.0089,0.0156,0.082,0.105,0.0189,0.182,0.156,0.189,0.298,0.389,0.489,0.589,0.689,0.789,0.834,0.878,0.912,0.945,0.967,0.978,0.989,0.994,0.997,0.998,0.999,0.9994,0.9996,0.9997,0.9998,0.9999,0.99994,0.99996,0.99997,0.99998,0.99999,0.999994,0.999996,0.999997,0.999998,0.999999,0.9999994,0.9999996,0.9999997,0.9999998,0.9999999,0.99999994,0.99999996,0.99999997,0.99999998,0.99999999,0.999999994,0.999999996,0.999999997,0.999999998,0.999999999,0.9999999994,0.9999999996,0.9999999997,0.9999999998,0.9999999999,0.99999999994,0.99999999996,0.99999999997,0.99999999998,0.99999999999,0.999999999994,0.999999999996,0.999999999997,0.999999999998,0.999999999999,0.9999999999994,0.9999999999996,0.9999999999997,0.9999999999998,0.9999999999999,0.99999999999994,0.99999999999996,0.99999999999997,0.99999999999998,0.99999999999999,0.999999999999994,0.999999999999996,0.999999999999997,0.999999999999998,0.999999999999999,0.9999999999999994,0.9999999999999996,0.9999999999999997,0.9999999999999998,0.9999999999999999,0.99999999999999994,0.99999999999999996,0.99999999999999997,0.99999999999999998,0.99999999999999999,0.999999999999999994,0.999999999999999996,0.999999999999999997,0.999999999999999998,0.999999999999999999,0.9999999999999999994,0.9999999999999999996,0.9999999999999999997,0.9999999999999999998,0.9999999999999999999,0.99999999999999999994,0.99999999999999999996,0.99999999999999999997,0.99999999999999999998,0.99999999999999999999,0.999999999999999999994,0.999999999999999999996,0.999999999999999999997,0.999999999999999999998,0.999999999999999999999,0.9999999999999999999994
FE_006,transaction_velocity_lag,transaction_frequency,lag_features,lag_transformation,real_time,0.45,1.78,-2.67,0.68,0.54,0.79,0.47,0.62,candidate,logistic_regression,control,control,medium,p05,inference.confidence.medium,0.76,fair,medium_quality,development,development,realtime,medium,0.76,0.6,0.047,0.61,0.44,0.68,28,marginal,8,0.73,0.68,0.71,0.66,medium,0.69,medium,intermediate,medium,linear,0.72,0.69,34.2,stable,0.38,0.51,-0.24,0.33,0.57,1.6,945.7,567.3,0.46,0.61,0.55,0.68,0.7,0.67,0.72,0.64,0.58,0.51,medium,0.7,medium,0.67,medium,0.58,marginal,0.63,0.38,marginal,adequate,0.68,0.75,none,0.3,0.038,0.18,0.025,0.64,0.75,0.62,0.77,8.4,115.2,138.6,0.62,856.3,0.054,slow_convergence,0.46,0.0035,0.3,0.57,0.0089,0.0334,medium,0.68,8,0.67,0.72,0.62,0.75,0.67,0.54,0.7,0.38,0.46,0.57,0.0089,0.68,0.7,0.67,0.0076,0.72,0.0334,0.67,0.089,0.115,0.57,0.7,0.067,0.054,0.75,0.67,0.0445,0.683,0.57,0.46,0.067,0.75,0.67,0.38,0.46,0.57,0.68,0.7,0.67,0.72,0.64,0.58,0.51,0.7,0.67,0.58,0.63,0.38,0.68,0.75,0.3,0.038,0.64,0.75,0.62,0.77,0.68,0.7,0.67,0.72,0.64,0.58,0.51,0.7,0.67,0.58,0.63,0.38,0.68,0.75,0.3,0.038,0.0334,0.57,0.7,0.68,0.054,0.67,0.0445,0.683,0.57,0.46,0.067,0.75,0.67,0.38,0.46,0.57,0.68,0.7,0.67,0.72,0.64,0.0334,0.0445,0.054,0.067,0.0723,0.115,0.334,0.445,0.554,0.623,0.683,0.723,0.756,0.789,0.812,0.834,0.856,0.878,0.889,0.9,0.912,0.923,0.934,0.945,0.956,0.967,0.975,0.982,0.987,0.991,0.994,0.996,0.997,0.998,0.999,0.9992,0.9994,0.9995,0.9996,0.9997,0.9998,0.9999,0.99992,0.99994,0.99995,0.99996,0.99997,0.99998,0.99999,0.999992,0.999994,0.999995,0.999996,0.999997,0.999998,0.999999,0.9999992,0.9999994,0.9999995,0.9999996,0.9999997,0.9999998,0.9999999,0.99999992,0.99999994,0.99999995,0.99999996,0.99999997,0.99999998,0.99999999,0.999999992,0.999999994,0.999999995,0.999999996,0.999999997,0.999999998,0.999999999,0.9999999992,0.9999999994,0.9999999995,0.9999999996,0.9999999997,0.9999999998,0.9999999999,0.99999999992,0.99999999994,0.99999999995,0.99999999996,0.99999999997,0.99999999998,0.99999999999,0.999999999992,0.999999999994,0.999999999995,0.999999999996,0.999999999997,0.999999999998,0.999999999999,0.9999999999992,0.9999999999994,0.9999999999995,0.9999999999996,0.9999999999997,0.9999999999998,0.9999999999999,0.99999999999992,0.99999999999994,0.99999999999995,0.99999999999996,0.99999999999997,0.99999999999998,0.99999999999999,0.999999999999992,0.999999999999994,0.999999999999995,0.999999999999996,0.999999999999997,0.999999999999998,0.999999999999999,0.9999999999999992,0.9999999999999994,0.9999999999999995,0.9999999999999996,0.9999999999999997,0.9999999999999998,0.9999999999999999,0.99999999999999992,0.99999999999999994,0.99999999999999995,0.99999999999999996,0.99999999999999997,0.99999999999999998,0.99999999999999999,0.999999999999999992,0.999999999999999994,0.999999999999999995,0.999999999999999996,0.999999999999999997,0.999999999999999998,0.999999999999999999,0.9999999999999999992,0.9999999999999999994,0.9999999999999999995,0.9999999999999999996,0.9999999999999999997,0.9999999999999999998,0.9999999999999999999,0.99999999999999999992
FE_007,market_sentiment_nlp,market_sentiment,natural_language_processing,word2vec_embedding,daily,-0.87,3.15,0.92,0.85,0.78,0.92,0.73,0.86,baseline,support_vector_machine,treatment_a,group_a,high,p01,training.model.candidate,0.91,excellent,high_quality,staging,production,batch,high,0.91,1.1,0.005,0.83,0.67,0.86,5,significant,4,0.89,0.84,0.87,0.82,low,0.86,high,expert,high,nonlinear,0.88,0.85,15.7,improving,0.27,0.68,-0.12,0.47,0.79,2.3,1345.6,823.4,0.69,0.83,0.76,0.89,0.91,0.88,0.93,0.85,0.79,0.72,high,0.91,high,0.86,high,0.79,significant,0.85,0.27,significant,excellent,0.89,0.93,benjamini_hochberg,0.05,0.003,0.032,0.002,0.85,0.93,0.83,0.95,25.8,153.7,179.4,0.36,1234.7,0.026,converged,0.69,0.0012,0.15,0.79,0.0037,0.0178,high,0.89,4,0.86,0.91,0.83,0.93,0.88,0.75,0.91,0.27,0.69,0.79,0.0037,0.89,0.91,0.88,0.0025,0.91,0.0178,0.86,0.037,0.153,0.79,0.91,0.084,0.069,0.93,0.88,0.0289,0.891,0.79,0.69,0.084,0.93,0.88,0.27,0.69,0.79,0.89,0.91,0.88,0.93,0.85,0.79,0.72,0.91,0.86,0.79,0.85,0.27,0.89,0.93,0.05,0.003,0.85,0.93,0.83,0.95,0.89,0.91,0.88,0.93,0.85,0.79,0.72,0.91,0.86,0.79,0.85,0.27,0.89,0.93,0.05,0.003,0.0178,0.79,0.91,0.89,0.069,0.88,0.0289,0.891,0.79,0.69,0.084,0.93,0.88,0.27,0.69,0.79,0.89,0.91,0.88,0.93,0.85,0.0178,0.0289,0.069,0.084,0.0345,0.153,0.289,0.345,0.456,0.545,0.634,0.723,0.789,0.845,0.878,0.891,0.912,0.934,0.945,0.956,0.967,0.978,0.989,0.993,0.995,0.997,0.998,0.999,0.9993,0.9995,0.9996,0.9997,0.9998,0.9999,0.99993,0.99995,0.99996,0.99997,0.99998,0.99999,0.999993,0.999995,0.999996,0.999997,0.999998,0.999999,0.9999993,0.9999995,0.9999996,0.9999997,0.9999998,0.9999999,0.99999993,0.99999995,0.99999996,0.99999997,0.99999998,0.99999999,0.999999993,0.999999995,0.999999996,0.999999997,0.999999998,0.999999999,0.9999999993,0.9999999995,0.9999999996,0.9999999997,0.9999999998,0.9999999999,0.99999999993,0.99999999995,0.99999999996,0.99999999997,0.99999999998,0.99999999999,0.999999999993,0.999999999995,0.999999999996,0.999999999997,0.999999999998,0.999999999999,0.9999999999993,0.9999999999995,0.9999999999996,0.9999999999997,0.9999999999998,0.9999999999999,0.99999999999993,0.99999999999995,0.99999999999996,0.99999999999997,0.99999999999998,0.99999999999999,0.999999999999993,0.999999999999995,0.999999999999996,0.999999999999997,0.999999999999998,0.999999999999999,0.9999999999999993,0.9999999999999995,0.9999999999999996,0.9999999999999997,0.9999999999999998,0.9999999999999999,0.99999999999999993,0.99999999999999995,0.99999999999999996,0.99999999999999997,0.99999999999999998,0.99999999999999999,0.999999999999999993,0.999999999999999995,0.999999999999999996,0.999999999999999997,0.999999999999999998,0.999999999999999999,0.9999999999999999993,0.9999999999999999995,0.9999999999999999996,0.9999999999999999997,0.9999999999999999998,0.9999999999999999999,0.99999999999999999993
FE_008,behavioral_pattern_matrix,user_behavior,matrix_factorization,nmf_decomposition,weekly,1.23,-2.45,1.67,0.79,0.65,0.88,0.62,0.76,champion,xgboost,treatment_b,group_b,medium,p01,inference.prediction.realtime,0.86,good,medium_quality,production,staging,realtime,medium,0.86,0.95,0.009,0.74,0.58,0.78,12,significant,6,0.84,0.79,0.82,0.77,medium,0.8,medium,intermediate,medium,nonlinear,0.83,0.8,21.4,stable,0.34,0.59,-0.18,0.41,0.68,1.9,1178.9,712.5,0.6,0.74,0.67,0.82,0.84,0.81,0.86,0.78,0.72,0.65,medium,0.84,medium,0.8,medium,0.68,significant,0.78,0.34,significant,good,0.82,0.86,benjamini_hochberg,0.1,0.007,0.045,0.004,0.78,0.86,0.76,0.88,19.3,138.4,162.7,0.47,1089.2,0.033,converged,0.6,0.0018,0.2,0.68,0.0055,0.0256,medium,0.82,6,0.8,0.84,0.76,0.86,0.81,0.68,0.84,0.34,0.6,0.68,0.0055,0.82,0.84,0.81,0.0038,0.84,0.0256,0.8,0.055,0.138,0.68,0.84,0.076,0.062,0.86,0.81,0.0378,0.823,0.68,0.6,0.076,0.86,0.81,0.34,0.6,0.68,0.82,0.84,0.81,0.86,0.78,0.72,0.65,0.84,0.8,0.68,0.78,0.34,0.82,0.86,0.1,0.007,0.78,0.86,0.76,0.88,0.82,0.84,0.81,0.86,0.78,0.72,0.65,0.84,0.8,0.68,0.78,0.34,0.82,0.86,0.1,0.007,0.0256,0.68,0.84,0.82,0.062,0.81,0.0378,0.823,0.68,0.6,0.076,0.86,0.81,0.34,0.6,0.68,0.82,0.84,0.81,0.86,0.78,0.0256,0.0378,0.062,0.076,0.0445,0.138,0.256,0.378,0.445,0.556,0.634,0.712,0.778,0.823,0.856,0.878,0.9,0.923,0.934,0.945,0.956,0.967,0.978,0.984,0.989,0.993,0.995,0.997,0.998,0.999,0.9992,0.9994,0.9995,0.9996,0.9997,0.9998,0.9999,0.99992,0.99994,0.99995,0.99996,0.99997,0.99998,0.99999,0.999992,0.999994,0.999995,0.999996,0.999997,0.999998,0.999999,0.9999992,0.9999994,0.9999995,0.9999996,0.9999997,0.9999998,0.9999999,0.99999992,0.99999994,0.99999995,0.99999996,0.99999997,0.99999998,0.99999999,0.999999992,0.999999994,0.999999995,0.999999996,0.999999997,0.999999998,0.999999999,0.9999999992,0.9999999994,0.9999999995,0.9999999996,0.9999999997,0.9999999998,0.9999999999,0.99999999992,0.99999999994,0.99999999995,0.99999999996,0.99999999997,0.99999999998,0.99999999999,0.999999999992,0.999999999994,0.999999999995,0.999999999996,0.999999999997,0.999999999998,0.999999999999,0.9999999999992,0.9999999999994,0.9999999999995,0.9999999999996,0.9999999999997,0.9999999999998,0.9999999999999,0.99999999999992,0.99999999999994,0.99999999999995,0.99999999999996,0.99999999999997,0.99999999999998,0.99999999999999,0.999999999999992,0.999999999999994,0.999999999999995,0.999999999999996,0.999999999999997,0.999999999999998,0.999999999999999,0.9999999999999992,0.9999999999999994,0.9999999999999995,0.9999999999999996,0.9999999999999997,0.9999999999999998,0.9999999999999999,0.99999999999999992,0.99999999999999994,0.99999999999999995,0.99999999999999996,0.99999999999999997,0.99999999999999998,0.99999999999999999,0.999999999999999992,0.999999999999999994,0.999999999999999995,0.999999999999999996,0.999999999999999997,0.999999999999999998,0.999999999999999999,0.9999999999999999992,0.9999999999999999994,0.9999999999999999995,0.9999999999999999996,0.9999999999999999997,0.9999999999999999998,0.9999999999999999999,0.99999999999999999992
FE_009,economic_indicator_wavelet,economic_indicators,signal_processing,wavelet_transform,monthly,2.67,0.34,-1.89,0.94,0.89,0.97,0.85,0.93,candidate,catboost,treatment_c,group_c,high,p001,reporting.detail.performance,0.96,excellent,high_quality,production,production,batch,high,0.96,1.6,0.0002,0.91,0.76,0.93,2,significant,2,0.95,0.91,0.93,0.9,low,0.93,high,expert,high,nonlinear,0.94,0.93,9.8,stable,0.21,0.74,-0.09,0.54,0.86,2.9,1567.8,967.2,0.77,0.91,0.84,0.96,0.97,0.94,0.98,0.92,0.86,0.8,high,0.97,high,0.93,high,0.86,significant,0.92,0.21,significant,excellent,0.96,0.98,bonferroni,0.025,0.0001,0.012,0.00005,0.92,0.98,0.9,0.99,36.4,171.9,207.3,0.31,1412.3,0.015,converged,0.77,0.0007,0.1,0.86,0.0023,0.0112,high,0.96,2,0.93,0.97,0.9,0.98,0.94,0.81,0.97,0.21,0.77,0.86,0.0023,0.96,0.97,0.94,0.0015,0.97,0.0112,0.93,0.023,0.171,0.86,0.97,0.098,0.077,0.98,0.94,0.0223,0.967,0.86,0.77,0.098,0.98,0.94,0.21,0.77,0.86,0.96,0.97,0.94,0.98,0.92,0.86,0.8,0.97,0.93,0.86,0.92,0.21,0.96,0.98,0.025,0.0001,0.92,0.98,0.9,0.99,0.96,0.97,0.94,0.98,0.92,0.86,0.8,0.97,0.93,0.86,0.92,0.21,0.96,0.98,0.025,0.0001,0.0112,0.86,0.97,0.96,0.077,0.94,0.0223,0.967,0.86,0.77,0.098,0.98,0.94,0.21,0.77,0.86,0.96,0.97,0.94,0.98,0.92,0.0112,0.0223,0.077,0.098,0.0234,0.171,0.223,0.234,0.345,0.434,0.534,0.634,0.723,0.789,0.834,0.867,0.9,0.923,0.945,0.956,0.967,0.978,0.989,0.994,0.996,0.998,0.999,0.9994,0.9996,0.9997,0.9998,0.9999,0.99994,0.99996,0.99997,0.99998,0.99999,0.999994,0.999996,0.999997,0.999998,0.999999,0.9999994,0.9999996,0.9999997,0.9999998,0.9999999,0.99999994,0.99999996,0.99999997,0.99999998,0.99999999,0.999999994,0.999999996,0.999999997,0.999999998,0.999999999,0.9999999994,0.9999999996,0.9999999997,0.9999999998,0.9999999999,0.99999999994,0.99999999996,0.99999999997,0.99999999998,0.99999999999,0.999999999994,0.999999999996,0.999999999997,0.999999999998,0.999999999999,0.9999999999994,0.9999999999996,0.9999999999997,0.9999999999998,0.9999999999999,0.99999999999994,0.99999999999996,0.99999999999997,0.99999999999998,0.99999999999999,0.999999999999994,0.999999999999996,0.999999999999997,0.999999999999998,0.999999999999999,0.9999999999999994,0.9999999999999996,0.9999999999999997,0.9999999999999998,0.9999999999999999,0.99999999999999994,0.99999999999999996,0.99999999999999997,0.99999999999999998,0.99999999999999999,0.999999999999999994,0.999999999999999996,0.999999999999999997,0.999999999999999998,0.999999999999999999,0.9999999999999999994,0.9999999999999999996,0.9999999999999999997,0.9999999999999999998,0.9999999999999999999,0.99999999999999999994,0.99999999999999999996,0.99999999999999999997,0.99999999999999999998,0.99999999999999999999,0.999999999999999999994,0.999999999999999999996,0.999999999999999999997,0.999999999999999999998,0.999999999999999999999,0.9999999999999999999994
FE_010,churn_propensity_ensemble,churn_probability,ensemble_methods,stacking,daily,-1.45,2.98,-0.76,0.87,0.8,0.93,0.75,0.88,baseline,lightgbm,treatment_d,group_d,high,p01,training.model.champion,0.92,excellent,high_quality,staging,production,batch,high,0.92,1.3,0.006,0.85,0.69,0.89,4,significant,3,0.9,0.85,0.88,0.83,low,0.88,high,expert,high,nonlinear,0.89,0.86,13.2,improving,0.25,0.7,-0.11,0.49,0.81,2.5,1423.7,856.1,0.71,0.85,0.78,0.91,0.93,0.9,0.95,0.87,0.81,0.74,high,0.93,high,0.88,high,0.81,significant,0.87,0.25,significant,excellent,0.91,0.95,benjamini_hochberg,0.033,0.004,0.02,0.0025,0.87,0.95,0.85,0.96,28.7,159.3,188.6,0.39,1278.4,0.021,converged,0.71,0.001,0.12,0.81,0.0031,0.0156,high,0.91,3,0.88,0.93,0.85,0.95,0.9,0.77,0.93,0.25,0.71,0.81,0.0031,0.91,0.93,0.9,0.0021,0.93,0.0156,0.88,0.031,0.159,0.81,0.93,0.087,0.072,0.95,0.9,0.0267,0.913,0.81,0.71,0.087,0.95,0.9,0.25,0.71,0.81,0.91,0.93,0.9,0.95,0.87,0.81,0.74,0.93,0.88,0.81,0.87,0.25,0.91,0.95,0.033,0.004,0.87,0.95,0.85,0.96,0.91,0.93,0.9,0.95,0.87,0.81,0.74,0.93,0.88,0.81,0.87,0.25,0.91,0.95,0.033,0.004,0.0156,0.81,0.93,0.91,0.072,0.9,0.0267,0.913,0.81,0.71,0.087,0.95,0.9,0.25,0.71,0.81,0.91,0.93,0.9,0.95,0.87,0.0156,0.0267,0.072,0.087,0.0312,0.159,0.267,0.312,0.423,0.512,0.612,0.712,0.787,0.845,0.887,0.913,0.934,0.945,0.956,0.967,0.978,0.984,0.989,0.993,0.995,0.997,0.998,0.999,0.9993,0.9995,0.9996,0.9997,0.9998,0.9999,0.99993,0.99995,0.99996,0.99997,0.99998,0.99999,0.999993,0.999995,0.999996,0.999997,0.999998,0.999999,0.9999993,0.9999995,0.9999996,0.9999997,0.9999998,0.9999999,0.99999993,0.99999995,0.99999996,0.99999997,0.99999998,0.99999999,0.999999993,0.999999995,0.999999996,0.999999997,0.999999998,0.999999999,0.9999999993,0.9999999995,0.9999999996,0.9999999997,0.9999999998,0.9999999999,0.99999999993,0.99999999995,0.99999999996,0.99999999997,0.99999999998,0.99999999999,0.999999999993,0.999999999995,0.999999999996,0.999999999997,0.999999999998,0.999999999999,0.9999999999993,0.9999999999995,0.9999999999996,0.9999999999997,0.9999999999998,0.9999999999999,0.99999999999993,0.99999999999995,0.99999999999996,0.99999999999997,0.99999999999998,0.99999999999999,0.999999999999993,0.999999999999995,0.999999999999996,0.999999999999997,0.999999999999998,0.999999999999999,0.9999999999999993,0.9999999999999995,0.9999999999999996,0.9999999999999997,0.9999999999999998,0.9999999999999999,0.99999999999999993,0.99999999999999995,0.99999999999999996,0.99999999999999997,0.99999999999999998,0.99999999999999999,0.999999999999999993,0.999999999999999995,0.999999999999999996,0.999999999999999997,0.999999999999999998,0.999999999999999999,0.9999999999999999993,0.9999999999999999995,0.9999999999999999996,0.9999999999999999997,0.9999999999999999998,0.9999999999999999999,0.99999999999999999993
FE_011,social_network_graph,social_connections,graph_analytics,graph_neural_network,weekly,1.89,-0.56,2.34,0.81,0.72,0.9,0.68,0.8,champion,graph_neural_net,control,control,medium,p05,experiment.control,0.84,good,medium_quality,development,development,realtime,medium,0.84,0.8,0.041,0.76,0.6,0.81,15,marginal,7,0.82,0.77,0.8,0.75,medium,0.78,medium,intermediate,medium,nonlinear,0.81,0.78,27.9,stable,0.36,0.56,-0.22,0.37,0.65,1.7,1089.5,653.7,0.58,0.76,0.67,0.81,0.83,0.8,0.85,0.77,0.71,0.64,medium,0.83,medium,0.78,medium,0.65,marginal,0.77,0.36,marginal,good,0.81,0.85,none,0.25,0.033,0.16,0.022,0.77,0.85,0.75,0.87,14.6,127.8,149.2,0.53,987.6,0.041,slow_convergence,0.58,0.0027,0.25,0.65,0.0067,0.0289,medium,0.81,7,0.78,0.83,0.75,0.85,0.8,0.67,0.83,0.36,0.58,0.65,0.0067,0.81,0.83,0.8,0.0058,0.83,0.0289,0.78,0.067,0.127,0.65,0.83,0.075,0.058,0.85,0.8,0.0412,0.813,0.65,0.58,0.075,0.85,0.8,0.36,0.58,0.65,0.81,0.83,0.8,0.85,0.77,0.71,0.64,0.83,0.78,0.65,0.77,0.36,0.81,0.85,0.25,0.033,0.77,0.85,0.75,0.87,0.81,0.83,0.8,0.85,0.77,0.71,0.64,0.83,0.78,0.65,0.77,0.36,0.81,0.85,0.25,0.033,0.0289,0.65,0.83,0.81,0.058,0.8,0.0412,0.813,0.65,0.58,0.075,0.85,0.8,0.36,0.58,0.65,0.81,0.83,0.8,0.85,0.77,0.0289,0.0412,0.058,0.075,0.0623,0.127,0.289,0.412,0.523,0.612,0.689,0.756,0.813,0.856,0.889,0.912,0.934,0.945,0.956,0.967,0.975,0.982,0.987,0.991,0.994,0.996,0.997,0.998,0.999,0.9992,0.9994,0.9995,0.9996,0.9997,0.9998,0.9999,0.99992,0.99994,0.99995,0.99996,0.99997,0.99998,0.99999,0.999992,0.999994,0.999995,0.999996,0.999997,0.999998,0.999999,0.9999992,0.9999994,0.9999995,0.9999996,0.9999997,0.9999998,0.9999999,0.99999992,0.99999994,0.99999995,0.99999996,0.99999997,0.99999998,0.99999999,0.999999992,0.999999994,0.999999995,0.999999996,0.999999997,0.999999998,0.999999999,0.9999999992,0.9999999994,0.9999999995,0.9999999996,0.9999999997,0.9999999998,0.9999999999,0.99999999992,0.99999999994,0.99999999995,0.99999999996,0.99999999997,0.99999999998,0.99999999999,0.999999999992,0.999999999994,0.999999999995,0.999999999996,0.999999999997,0.999999999998,0.999999999999,0.9999999999992,0.9999999999994,0.9999999999995,0.9999999999996,0.9999999999997,0.9999999999998,0.9999999999999,0.99999999999992,0.99999999999994,0.99999999999995,0.99999999999996,0.99999999999997,0.99999999999998,0.99999999999999,0.999999999999992,0.999999999999994,0.999999999999995,0.999999999999996,0.999999999999997,0.999999999999998,0.999999999999999,0.9999999999999992,0.9999999999999994,0.9999999999999995,0.9999999999999996,0.9999999999999997,0.9999999999999998,0.9999999999999999,0.99999999999999992,0.99999999999999994,0.99999999999999995,0.99999999999999996,0.99999999999999997,0.99999999999999998,0.99999999999999999,0.999999999999999992,0.999999999999999994,0.999999999999999995,0.999999999999999996,0.999999999999999997,0.999999999999999998,0.999999999999999999,0.9999999999999999992,0.9999999999999999994,0.9999999999999999995,0.9999999999999999996,0.9999999999999999997,0.9999999999999999998,0.9999999999999999999,0.99999999999999999992
FE_012,anomaly_detection_score,anomaly_indicators,anomaly_detection,isolation_forest,real_time,0.98,-1.87,0.63,0.73,0.56,0.84,0.51,0.67,candidate,isolation_forest,treatment_a,group_a,low,not_significant,inference.confidence.low,0.71,fair,low_quality,development,development,realtime,low,0.71,0.5,0.15,0.59,0.42,0.65,35,not_significant,12,0.69,0.64,0.67,0.62,high,0.65,low,novice,low,linear,0.68,0.65,41.8,volatile,0.47,0.43,-0.35,0.24,0.51,1.2,823.4,489.6,0.43,0.59,0.51,0.65,0.67,0.64,0.69,0.61,0.55,0.48,low,0.67,low,0.65,low,0.51,not_significant,0.61,0.47,not_significant,fair,0.65,0.69,none,0.4,0.12,0.28,0.08,0.61,0.69,0.59,0.71,5.2,98.6,117.4,0.73,734.8,0.089,diverging,0.43,0.0045,0.4,0.51,0.0123,0.0467,low,0.65,12,0.65,0.69,0.59,0.71,0.64,0.51,0.67,0.47,0.43,0.51,0.0123,0.65,0.67,0.64,0.0098,0.69,0.0467,0.65,0.123,0.098,0.51,0.67,0.056,0.043,0.71,0.64,0.0567,0.653,0.51,0.43,0.056,0.71,0.64,0.47,0.43,0.51,0.65,0.67,0.64,0.69,0.61,0.55,0.48,0.67,0.65,0.51,0.61,0.47,0.65,0.69,0.4,0.12,0.61,0.69,0.59,0.71,0.65,0.67,0.64,0.69,0.61,0.55,0.48,0.67,0.65,0.51,0.61,0.47,0.65,0.69,0.4,0.12,0.0467,0.51,0.67,0.65,0.043,0.64,0.0567,0.653,0.51,0.43,0.056,0.71,0.64,0.47,0.43,0.51,0.65,0.67,0.64,0.69,0.61,0.0467,0.0567,0.043,0.056,0.0789,0.098,0.467,0.567,0.678,0.723,0.767,0.789,0.812,0.834,0.856,0.878,0.889,0.9,0.912,0.923,0.934,0.945,0.951,0.956,0.961,0.967,0.972,0.978,0.983,0.987,0.991,0.994,0.996,0.997,0.998,0.999,0.9992,0.9994,0.9995,0.9996,0.9997,0.9998,0.9999,0.99992,0.99994,0.99995,0.99996,0.99997,0.99998,0.99999,0.999992,0.999994,0.999995,0.999996,0.999997,0.999998,0.999999,0.9999992,0.9999994,0.9999995,0.9999996,0.9999997,0.9999998,0.9999999,0.99999992,0.99999994,0.99999995,0.99999996,0.99999997,0.99999998,0.99999999,0.999999992,0.999999994,0.999999995,0.999999996,0.999999997,0.999999998,0.999999999,0.9999999992,0.9999999994,0.9999999995,0.9999999996,0.9999999997,0.9999999998,0.9999999999,0.99999999992,0.99999999994,0.99999999995,0.99999999996,0.99999999997,0.99999999998,0.99999999999,0.999999999992,0.999999999994,0.999999999995,0.999999999996,0.999999999997,0.999999999998,0.999999999999,0.9999999999992,0.9999999999994,0.9999999999995,0.9999999999996,0.9999999999997,0.9999999999998,0.9999999999999,0.99999999999992,0.99999999999994,0.99999999999995,0.99999999999996,0.99999999999997,0.99999999999998,0.99999999999999,0.999999999999992,0.999999999999994,0.999999999999995,0.999999999999996,0.999999999999997,0.999999999999998,0.999999999999999,0.9999999999999992,0.9999999999999994,0.9999999999999995,0.9999999999999996,0.9999999999999997,0.9999999999999998,0.9999999999999999,0.99999999999999992,0.99999999999999994,0.99999999999999995,0.99999999999999996,0.99999999999999997,0.99999999999999998,0.99999999999999999,0.999999999999999992,0.999999999999999994,0.999999999999999995,0.999999999999999996,0.999999999999999997,0.999999999999999998,0.999999999999999999,0.9999999999999999992,0.9999999999999999994,0.9999999999999999995,0.9999999999999999996,0.9999999999999999997,0.9999999999999999998,0.9999999999999999999,0.99999999999999999992
FE_013,recommendation_similarity,product_recommendations,similarity_metrics,cosine_similarity,daily,1.67,0.89,-1.12,0.88,0.81,0.94,0.77,0.89,baseline,collaborative_filtering,treatment_b,group_b,high,p01,experiment.treatment.group_b,0.93,excellent,high_quality,staging,staging,batch,high,0.93,1.4,0.004,0.86,0.71,0.9,6,significant,5,0.91,0.86,0.89,0.84,low,0.89,high,expert,high,linear,0.9,0.87,16.5,improving,0.29,0.69,-0.13,0.48,0.82,2.4,1389.7,834.2,0.72,0.86,0.79,0.92,0.94,0.91,0.96,0.88,0.82,0.75,high,0.94,high,0.89,high,0.82,significant,0.88,0.29,significant,excellent,0.92,0.96,benjamini_hochberg,0.04,0.0025,0.025,0.0015,0.88,0.96,0.86,0.97,32.5,164.8,196.3,0.33,1323.4,0.019,converged,0.72,0.0009,0.13,0.82,0.0029,0.0145,high,0.92,5,0.89,0.94,0.86,0.96,0.91,0.78,0.94,0.29,0.72,0.82,0.0029,0.92,0.94,0.91,0.0019,0.94,0.0145,0.89,0.029,0.164,0.82,0.94,0.091,0.075,0.96,0.91,0.0245,0.923,0.82,0.72,0.091,0.96,0.91,0.29,0.72,0.82,0.92,0.94,0.91,0.96,0.88,0.82,0.75,0.94,0.89,0.82,0.88,0.29,0.92,0.96,0.04,0.0025,0.88,0.96,0.86,0.97,0.92,0.94,0.91,0.96,0.88,0.82,0.75,0.94,0.89,0.82,0.88,0.29,0.92,0.96,0.04,0.0025,0.0145,0.82,0.94,0.92,0.075,0.91,0.0245,0.923,0.82,0.72,0.091,0.96,0.91,0.29,0.72,0.82,0.92,0.94,0.91,0.96,0.88,0.0145,0.0245,0.075,0.091,0.0267,0.164,0.245,0.267,0.356,0.445,0.534,0.623,0.712,0.789,0.834,0.878,0.912,0.934,0.956,0.967,0.978,0.984,0.989,0.993,0.995,0.997,0.998,0.999,0.9993,0.9995,0.9996,0.9997,0.9998,0.9999,0.99993,0.99995,0.99996,0.99997,0.99998,0.99999,0.999993,0.999995,0.999996,0.999997,0.999998,0.999999,0.9999993,0.9999995,0.9999996,0.9999997,0.9999998,0.9999999,0.99999993,0.99999995,0.99999996,0.99999997,0.99999998,0.99999999,0.999999993,0.999999995,0.999999996,0.999999997,0.999999998,0.999999999,0.9999999993,0.9999999995,0.9999999996,0.9999999997,0.9999999998,0.9999999999,0.99999999993,0.99999999995,0.99999999996,0.99999999997,0.99999999998,0.99999999999,0.999999999993,0.999999999995,0.999999999996,0.999999999997,0.999999999998,0.999999999999,0.9999999999993,0.9999999999995,0.9999999999996,0.9999999999997,0.9999999999998,0.9999999999999,0.99999999999993,0.99999999999995,0.99999999999996,0.99999999999997,0.99999999999998,0.99999999999999,0.999999999999993,0.999999999999995,0.999999999999996,0.999999999999997,0.999999999999998,0.999999999999999,0.9999999999999993,0.9999999999999995,0.9999999999999996,0.9999999999999997,0.9999999999999998,0.9999999999999999,0.99999999999999993,0.99999999999999995,0.99999999999999996,0.99999999999999997,0.99999999999999998,0.99999999999999999,0.999999999999999993,0.999999999999999995,0.999999999999999996,0.999999999999999997,0.999999999999999998,0.999999999999999999,0.9999999999999999993,0.9999999999999999995,0.9999999999999999996,0.9999999999999999997,0.9999999999999999998,0.9999999999999999999,0.99999999999999999993
FE_014,fraud_detection_features,transaction_patterns,feature_engineering,rule_based_features,hourly,-0.34,1.56,2.87,0.76,0.62,0.86,0.58,0.72,champion,decision_tree,treatment_c,group_c,medium,p05,result.significant.p05,0.81,good,medium_quality,production,staging,realtime,medium,0.81,0.7,0.049,0.71,0.55,0.76,18,marginal,9,0.78,0.73,0.76,0.71,medium,0.75,medium,intermediate,medium,linear,0.77,0.74,29.3,stable,0.39,0.52,-0.26,0.32,0.61,1.5,1023.8,614.6,0.56,0.71,0.63,0.76,0.78,0.75,0.8,0.72,0.66,0.59,medium,0.78,medium,0.75,medium,0.61,marginal,0.72,0.39,marginal,good,0.76,0.8,none,0.28,0.042,0.17,0.028,0.72,0.8,0.7,0.82,11.8,122.9,144.7,0.58,923.5,0.049,slow_convergence,0.56,0.0032,0.28,0.61,0.0078,0.0312,medium,0.76,9,0.75,0.78,0.7,0.8,0.75,0.62,0.78,0.39,0.56,0.61,0.0078,0.76,0.78,0.75,0.0067,0.78,0.0312,0.75,0.078,0.122,0.61,0.78,0.069,0.056,0.8,0.75,0.0423,0.763,0.61,0.56,0.069,0.8,0.75,0.39,0.56,0.61,0.76,0.78,0.75,0.8,0.72,0.66,0.59,0.78,0.75,0.61,0.72,0.39,0.76,0.8,0.28,0.042,0.72,0.8,0.7,0.82,0.76,0.78,0.75,0.8,0.72,0.66,0.59,0.78,0.75,0.61,0.72,0.39,0.76,0.8,0.28,0.042,0.0312,0.61,0.78,0.76,0.056,0.75,0.0423,0.763,0.61,0.56,0.069,0.8,0.75,0.39,0.56,0.61,0.76,0.78,0.75,0.8,0.72,0.0312,0.0423,0.056,0.069,0.0567,0.122,0.312,0.423,0.534,0.612,0.689,0.756,0.812,0.856,0.889,0.912,0.934,0.945,0.956,0.967,0.975,0.982,0.987,0.991,0.994,0.996,0.997,0.998,0.999,0.9992,0.9994,0.9995,0.9996,0.9997,0.9998,0.9999,0.99992,0.99994,0.99995,0.99996,0.99997,0.99998,0.99999,0.999992,0.999994,0.999995,0.999996,0.999997,0.999998,0.999999,0.9999992,0.9999994,0.9999995,0.9999996,0.9999997,0.9999998,0.9999999,0.99999992,0.99999994,0.99999995,0.99999996,0.99999997,0.99999998,0.99999999,0.999999992,0.999999994,0.999999995,0.999999996,0.999999997,0.999999998,0.999999999,0.9999999992,0.9999999994,0.9999999995,0.9999999996,0.9999999997,0.9999999998,0.9999999999,0.99999999992,0.99999999994,0.99999999995,0.99999999996,0.99999999997,0.99999999998,0.99999999999,0.999999999992,0.999999999994,0.999999999995,0.999999999996,0.999999999997,0.999999999998,0.999999999999,0.9999999999992,0.9999999999994,0.9999999999995,0.9999999999996,0.9999999999997,0.9999999999998,0.9999999999999,0.99999999999992,0.99999999999994,0.99999999999995,0.99999999999996,0.99999999999997,0.99999999999998,0.99999999999999,0.999999999999992,0.999999999999994,0.999999999999995,0.999999999999996,0.999999999999997,0.999999999999998,0.999999999999999,0.9999999999999992,0.9999999999999994,0.9999999999999995,0.9999999999999996,0.9999999999999997,0.9999999999999998,0.9999999999999999,0.99999999999999992,0.99999999999999994,0.99999999999999995,0.99999999999999996,0.99999999999999997,0.99999999999999998,0.99999999999999999,0.999999999999999992,0.999999999999999994,0.999999999999999995,0.999999999999999996,0.999999999999999997,0.999999999999999998,0.999999999999999999,0.9999999999999999992,0.9999999999999999994,0.9999999999999999995,0.9999999999999999996,0.9999999999999999997,0.9999999999999999998,0.9999999999999999999,0.99999999999999999992
FE_015,cross_sell_opportunity,cross_selling,association_rules,apriori_algorithm,weekly,2.12,-1.34,0.78,0.83,0.74,0.91,0.69,0.82,baseline,association_rules,treatment_d,group_d,high,p01,experiment.treatment.group_d,0.89,excellent,high_quality,production,production,batch,high,0.89,1.1,0.008,0.8,0.64,0.84,9,significant,4,0.87,0.82,0.85,0.8,low,0.84,high,expert,high,linear,0.86,0.83,19.6,stable,0.32,0.63,-0.16,0.44,0.75,2.1,1267.3,760.4,0.66,0.8,0.73,0.87,0.89,0.86,0.91,0.83,0.77,0.7,high,0.89,high,0.84,high,0.75,significant,0.83,0.32,significant,excellent,0.87,0.91,benjamini_hochberg,0.067,0.0055,0.04,0.0035,0.83,0.91,0.81,0.93,21.4,147.6,169.8,0.44,1178.9,0.028,converged,0.66,0.0014,0.16,0.75,0.0041,0.0198,high,0.87,4,0.84,0.89,0.81,0.91,0.86,0.73,0.89,0.32,0.66,0.75,0.0041,0.87,0.89,0.86,0.0028,0.89,0.0198,0.84,0.041,0.147,0.75,0.89,0.084,0.073,0.91,0.86,0.0298,0.873,0.75,0.66,0.084,0.91,0.86,0.32,0.66,0.75,0.87,0.89,0.86,0.91,0.83,0.77,0.7,0.89,0.84,0.75,0.83,0.32,0.87,0.91,0.067,0.0055,0.83,0.91,0.81,0.93,0.87,0.89,0.86,0.91,0.83,0.77,0.7,0.89,0.84,0.75,0.83,0.32,0.87,0.91,0.067,0.0055,0.0198,0.75,0.89,0.87,0.073,0.86,0.0298,0.873,0.75,0.66,0.084,0.91,0.86,0.32,0.66,0.75,0.87,0.89,0.86,0.91,0.83,0.0198,0.0298,0.073,0.084,0.0389,0.147,0.298,0.389,0.478,0.567,0.656,0.745,0.823,0.873,0.912,0.934,0.956,0.967,0.978,0.984,0.989,0.993,0.995,0.997,0.998,0.999,0.9993,0.9995,0.9996,0.9997,0.9998,0.9999,0.99993,0.99995,0.99996,0.99997,0.99998,0.99999,0.999993,0.999995,0.999996,0.999997,0.999998,0.999999,0.9999993,0.9999995,0.9999996,0.9999997,0.9999998,0.9999999,0.99999993,0.99999995,0.99999996,0.99999997,0.99999998,0.99999999,0.999999993,0.999999995,0.999999996,0.999999997,0.999999998,0.999999999,0.9999999993,0.9999999995,0.9999999996,0.9999999997,0.9999999998,0.9999999999,0.99999999993,0.99999999995,0.99999999996,0.99999999997,0.99999999998,0.99999999999,0.999999999993,0.999999999995,0.999999999996,0.999999999997,0.999999999998,0.999999999999,0.9999999999993,0.9999999999995,0.9999999999996,0.9999999999997,0.9999999999998,0.9999999999999,0.99999999999993,0.99999999999995,0.99999999999996,0.99999999999997,0.99999999999998,0.99999999999999,0.999999999999993,0.999999999999995,0.999999999999996,0.999999999999997,0.999999999999998,0.999999999999999,0.9999999999999993,0.9999999999999995,0.9999999999999996,0.9999999999999997,0.9999999999999998,0.9999999999999999,0.99999999999999993,0.99999999999999995,0.99999999999999996,0.99999999999999997,0.99999999999999998,0.99999999999999999,0.999999999999999993,0.999999999999999995,0.999999999999999996,0.999999999999999997,0.999999999999999998,0.999999999999999999,0.9999999999999999993,0.9999999999999999995,0.9999999999999999996,0.9999999999999999997,0.9999999999999999998,0.9999999999999999999,0.99999999999999999993
FE_016,inventory_optimization,inventory_levels,optimization,genetic_algorithm,daily,-1.78,0.45,1.93,0.92,0.85,0.96,0.81,0.91,candidate,genetic_algorithm,control,control,high,p001,training.model.baseline,0.95,excellent,high_quality,production,production,batch,high,0.95,1.7,0.0004,0.89,0.74,0.92,4,significant,1,0.94,0.89,0.92,0.87,low,0.91,high,expert,high,nonlinear,0.93,0.9,11.7,stable,0.22,0.75,-0.08,0.55,0.87,2.8,1612.4,998.5,0.76,0.89,0.82,0.95,0.96,0.93,0.97,0.9,0.84,0.78,high,0.96,high,0.91,high,0.87,significant,0.9,0.22,significant,excellent,0.95,0.97,bonferroni,0.012,0.0002,0.006,0.0001,0.9,0.97,0.88,0.98,38.9,176.2,214.1,0.26,1456.7,0.013,converged,0.76,0.0006,0.09,0.87,0.0021,0.0101,high,0.95,1,0.91,0.96,0.88,0.97,0.93,0.8,0.96,0.22,0.76,0.87,0.0021,0.95,0.96,0.93,0.0014,0.96,0.0101,0.91,0.021,0.176,0.87,0.96,0.098,0.079,0.97,0.93,0.0178,0.953,0.87,0.76,0.098,0.97,0.93,0.22,0.76,0.87,0.95,0.96,0.93,0.97,0.9,0.84,0.78,0.96,0.91,0.87,0.9,0.22,0.95,0.97,0.012,0.0002,0.9,0.97,0.88,0.98,0.95,0.96,0.93,0.97,0.9,0.84,0.78,0.96,0.91,0.87,0.9,0.22,0.95,0.97,0.012,0.0002,0.0101,0.87,0.96,0.95,0.079,0.93,0.0178,0.953,0.87,0.76,0.098,0.97,0.93,0.22,0.76,0.87,0.95,0.96,0.93,0.97,0.9,0.0101,0.0178,0.079,0.098,0.0212,0.176,0.178,0.212,0.323,0.412,0.512,0.612,0.712,0.789,0.834,0.878,0.912,0.934,0.956,0.967,0.978,0.984,0.989,0.993,0.995,0.997,0.998,0.999,0.9994,0.9996,0.9997,0.9998,0.9999,0.99994,0.99996,0.99997,0.99998,0.99999,0.999994,0.999996,0.999997,0.999998,0.999999,0.9999994,0.9999996,0.9999997,0.9999998,0.9999999,0.99999994,0.99999996,0.99999997,0.99999998,0.99999999,0.999999994,0.999999996,0.999999997,0.999999998,0.999999999,0.9999999994,0.9999999996,0.9999999997,0.9999999998,0.9999999999,0.99999999994,0.99999999996,0.99999999997,0.99999999998,0.99999999999,0.999999999994,0.999999999996,0.999999999997,0.999999999998,0.999999999999,0.9999999999994,0.9999999999996,0.9999999999997,0.9999999999998,0.9999999999999,0.99999999999994,0.99999999999996,0.99999999999997,0.99999999999998,0.99999999999999,0.999999999999994,0.999999999999996,0.999999999999997,0.999999999999998,0.999999999999999,0.9999999999999994,0.9999999999999996,0.9999999999999997,0.9999999999999998,0.9999999999999999,0.99999999999999994,0.99999999999999996,0.99999999999999997,0.99999999999999998,0.99999999999999999,0.999999999999999994,0.999999999999999996,0.999999999999999997,0.999999999999999998,0.999999999999999999,0.9999999999999999994,0.9999999999999999996,0.9999999999999999997,0.9999999999999999998,0.9999999999999999999,0.99999999999999999994,0.99999999999999999996,0.99999999999999999997,0.99999999999999999998,0.99999999999999999999,0.999999999999999999994,0.999999999999999999996,0.999999999999999999997,0.999999999999999999998,0.999999999999999999999,0.9999999999999999999994
FE_017,supply_chain_network,supply_chain,network_analysis,centrality_measures,monthly,0.56,2.78,-0.91,0.86,0.77,0.93,0.72,0.85,baseline,network_analysis,treatment_a,group_a,medium,p05,inference.prediction.batch,0.87,good,medium_quality,staging,staging,batch,medium,0.87,1.0,0.045,0.79,0.63,0.83,13,marginal,6,0.85,0.8,0.83,0.78,medium,0.82,medium,intermediate,medium,linear,0.84,0.81,23.8,stable,0.35,0.6,-0.2,0.4,0.71,1.8,1134.2,680.5,0.64,0.79,0.71,0.85,0.87,0.84,0.89,0.81,0.75,0.68,medium,0.87,medium,0.82,medium,0.71,marginal,0.81,0.35,marginal,good,0.85,0.89,none,0.22,0.038,0.14,0.025,0.81,0.89,0.79,0.91,16.7,133.6,156.4,0.51,1045.3,0.036,slow_convergence,0.64,0.0023,0.22,0.71,0.0063,0.0278,medium,0.85,6,0.82,0.87,0.79,0.89,0.84,0.71,0.87,0.35,0.64,0.71,0.0063,0.85,0.87,0.84,0.0054,0.87,0.0278,0.82,0.063,0.133,0.71,0.87,0.078,0.064,0.89,0.84,0.0367,0.853,0.71,0.64,0.078,0.89,0.84,0.35,0.64,0.71,0.85,0.87,0.84,0.89,0.81,0.75,0.68,0.87,0.82,0.71,0.81,0.35,0.85,0.89,0.22,0.038,0.81,0.89,0.79,0.91,0.85,0.87,0.84,0.89,0.81,0.75,0.68,0.87,0.82,0.71,0.81,0.35,0.85,0.89,0.22,0.038,0.0278,0.71,0.87,0.85,0.064,0.84,0.0367,0.853,0.71,0.64,0.078,0.89,0.84,0.35,0.64,0.71,0.85,0.87,0.84,0.89,0.81,0.0278,0.0367,0.064,0.078,0.0512,0.133,0.278,0.367,0.456,0.545,0.634,0.723,0.789,0.834,0.867,0.889,0.912,0.934,0.945,0.956,0.967,0.975,0.982,0.987,0.991,0.994,0.996,0.997,0.998,0.999,0.9992,0.9994,0.9995,0.9996,0.9997,0.9998,0.9999,0.99992,0.99994,0.99995,0.99996,0.99997,0.99998,0.99999,0.999992,0.999994,0.999995,0.999996,0.999997,0.999998,0.999999,0.9999992,0.9999994,0.9999995,0.9999996,0.9999997,0.9999998,0.9999999,0.99999992,0.99999994,0.99999995,0.99999996,0.99999997,0.99999998,0.99999999,0.999999992,0.999999994,0.999999995,0.999999996,0.999999997,0.999999998,0.999999999,0.9999999992,0.9999999994,0.9999999995,0.9999999996,0.9999999997,0.9999999998,0.9999999999,0.99999999992,0.99999999994,0.99999999995,0.99999999996,0.99999999997,0.99999999998,0.99999999999,0.999999999992,0.999999999994,0.999999999995,0.999999999996,0.999999999997,0.999999999998,0.999999999999,0.9999999999992,0.9999999999994,0.9999999999995,0.9999999999996,0.9999999999997,0.9999999999998,0.9999999999999,0.99999999999992,0.99999999999994,0.99999999999995,0.99999999999996,0.99999999999997,0.99999999999998,0.99999999999999,0.999999999999992,0.999999999999994,0.999999999999995,0.999999999999996,0.999999999999997,0.999999999999998,0.999999999999999,0.9999999999999992,0.9999999999999994,0.9999999999999995,0.9999999999999996,0.9999999999999997,0.9999999999999998,0.9999999999999999,0.99999999999999992,0.99999999999999994,0.99999999999999995,0.99999999999999996,0.99999999999999997,0.99999999999999998,0.99999999999999999,0.999999999999999992,0.999999999999999994,0.999999999999999995,0.999999999999999996,0.999999999999999997,0.999999999999999998,0.999999999999999999,0.9999999999999999992,0.9999999999999999994,0.9999999999999999995,0.9999999999999999996,0.9999999999999999997,0.9999999999999999998,0.9999999999999999999,0.99999999999999999992
FE_018,time_series_forecast,demand_forecasting,time_series,lstm_autoencoder,weekly,1.34,-2.67,1.45,0.89,0.82,0.95,0.78,0.87,champion,lstm,treatment_b,group_b,high,p01,training.model.candidate,0.91,excellent,high_quality,production,production,batch,high,0.91,1.25,0.007,0.84,0.68,0.88,7,significant,3,0.89,0.84,0.87,0.82,low,0.86,high,expert,high,nonlinear,0.88,0.85,17.4,improving,0.3,0.66,-0.14,0.46,0.77,2.2,1312.5,787.5,0.69,0.84,0.76,0.89,0.91,0.88,0.93,0.85,0.79,0.72,high,0.91,high,0.86,high,0.77,significant,0.85,0.3,significant,excellent,0.89,0.93,benjamini_hochberg,0.05,0.0045,0.03,0.003,0.85,0.93,0.83,0.95,26.8,151.4,177.2,0.38,1234.7,0.024,converged,0.69,0.0011,0.14,0.77,0.0035,0.0167,high,0.89,3,0.86,0.91,0.83,0.93,0.88,0.75,0.91,0.3,0.69,0.77,0.0035,0.89,0.91,0.88,0.0024,0.91,0.0167,0.86,0.035,0.151,0.77,0.91,0.085,0.071,0.93,0.88,0.0278,0.893,0.77,0.69,0.085,0.93,0.88,0.3,0.69,0.77,0.89,0.91,0.88,0.93,0.85,0.79,0.72,0.91,0.86,0.77,0.85,0.3,0.89,0.93,0.05,0.0045,0.85,0.93,0.83,0.95,0.89,0.91,0.88,0.93,0.85,0.79,0.72,0.91,0.86,0.77,0.85,0.3,0.89,0.93,0.05,0.0045,0.0167,0.77,0.91,0.89,0.071,0.88,0.0278,0.893,0.77,0.69,0.085,0.93,0.88,0.3,0.69,0.77,0.89,0.91,0.88,0.93,0.85,0.0167,0.0278,0.071,0.085,0.0334,0.151,0.278,0.334,0.445,0.534,0.623,0.712,0.778,0.834,0.867,0.889,0.912,0.934,0.945,0.956,0.967,0.978,0.984,0.989,0.993,0.995,0.997,0.998,0.999,0.9993,0.9995,0.9996,0.9997,0.9998,0.9999,0.99993,0.99995,0.99996,0.99997,0.99998,0.99999,0.999993,0.999995,0.999996,0.999997,0.999998,0.999999,0.9999993,0.9999995,0.9999996,0.9999997,0.9999998,0.9999999,0.99999993,0.99999995,0.99999996,0.99999997,0.99999998,0.99999999,0.999999993,0.999999995,0.999999996,0.999999997,0.999999998,0.999999999,0.9999999993,0.9999999995,0.9999999996,0.9999999997,0.9999999998,0.9999999999,0.99999999993,0.99999999995,0.99999999996,0.99999999997,0.99999999998,0.99999999999,0.999999999993,0.999999999995,0.999999999996,0.999999999997,0.999999999998,0.999999999999,0.9999999999993,0.9999999999995,0.9999999999996,0.9999999999997,0.9999999999998,0.9999999999999,0.99999999999993,0.99999999999995,0.99999999999996,0.99999999999997,0.99999999999998,0.99999999999999,0.999999999999993,0.999999999999995,0.999999999999996,0.999999999999997,0.999999999999998,0.999999999999999,0.9999999999999993,0.9999999999999995,0.9999999999999996,0.9999999999999997,0.9999999999999998,0.9999999999999999,0.99999999999999993,0.99999999999999995,0.99999999999999996,0.99999999999999997,0.99999999999999998,0.99999999999999999,0.999999999999999993,0.999999999999999995,0.999999999999999996,0.999999999999999997,0.999999999999999998,0.999999999999999999,0.9999999999999999993,0.9999999999999999995,0.9999999999999999996,0.9999999999999999997,0.9999999999999999998,0.9999999999999999999,0.99999999999999999993
FE_019,competitive_intelligence,market_analysis,competitive_analysis,benchmarking,quarterly,-0.67,1.23,2.56,0.95,0.9,0.98,0.86,0.94,candidate,ensemble_methods,treatment_c,group_c,high,p001,reporting.summary.technical,0.97,excellent,high_quality,production,production,batch,high,0.97,1.9,0.0001,0.93,0.78,0.95,1,significant,1,0.96,0.92,0.94,0.9,low,0.94,high,expert,high,nonlinear,0.95,0.92,7.1,stable,0.18,0.76,-0.05,0.57,0.89,3.1,1723.6,1089.4,0.8,0.93,0.86,0.97,0.98,0.95,0.99,0.93,0.87,0.81,high,0.98,high,0.94,high,0.89,significant,0.93,0.18,significant,excellent,0.97,0.99,bonferroni,0.008,0.00005,0.004,0.00002,0.93,0.99,0.91,0.995,44.2,184.9,223.1,0.19,1567.8,0.009,converged,0.8,0.0004,0.06,0.89,0.0017,0.0078,high,0.97,1,0.94,0.98,0.91,0.99,0.95,0.82,0.98,0.18,0.8,0.89,0.0017,0.97,0.98,0.95,0.0011,0.98,0.0078,0.94,0.017,0.184,0.89,0.98,0.103,0.083,0.99,0.95,0.0134,0.973,0.89,0.8,0.103,0.99,0.95,0.18,0.8,0.89,0.97,0.98,0.95,0.99,0.93,0.87,0.81,0.98,0.94,0.89,0.93,0.18,0.97,0.99,0.008,0.00005,0.93,0.99,0.91,0.995,0.97,0.98,0.95,0.99,0.93,0.87,0.81,0.98,0.94,0.89,0.93,0.18,0.97,0.99,0.008,0.00005,0.0078,0.89,0.98,0.97,0.083,0.95,0.0134,0.973,0.89,0.8,0.103,0.99,0.95,0.18,0.8,0.89,0.97,0.98,0.95,0.99,0.93,0.0078,0.0134,0.083,0.103,0.0156,0.184,0.134,0.156,0.267,0.356,0.445,0.534,0.623,0.712,0.789,0.834,0.878,0.912,0.934,0.956,0.967,0.978,0.984,0.989,0.993,0.995,0.997,0.998,0.999,0.9995,0.9997,0.9998,0.9999,0.99995,0.99997,0.99998,0.99999,0.999995,0.999997,0.999998,0.999999,0.9999995,0.9999997,0.9999998,0.9999999,0.99999995,0.99999997,0.99999998,0.99999999,0.999999995,0.999999997,0.999999998,0.999999999,0.9999999995,0.9999999997,0.9999999998,0.9999999999,0.99999999995,0.99999999997,0.99999999998,0.99999999999,0.999999999995,0.999999999997,0.999999999998,0.999999999999,0.9999999999995,0.9999999999997,0.9999999999998,0.9999999999999,0.99999999999995,0.99999999999997,0.99999999999998,0.99999999999999,0.999999999999995,0.999999999999997,0.999999999999998,0.999999999999999,0.9999999999999995,0.9999999999999997,0.9999999999999998,0.9999999999999999,0.99999999999999995,0.99999999999999997,0.99999999999999998,0.99999999999999999,0.999999999999999995,0.999999999999999997,0.999999999999999998,0.999999999999999999,0.9999999999999999995,0.9999999999999999997,0.9999999999999999998,0.9999999999999999999,0.99999999999999999995,0.99999999999999999997,0.99999999999999999998,0.99999999999999999999,0.999999999999999999995,0.999999999999999999997,0.999999999999999999998,0.999999999999999999999,0.9999999999999999999995,0.9999999999999999999997,0.9999999999999999999998,0.9999999999999999999999,0.99999999999999999999995,0.99999999999999999999997,0.99999999999999999999998,0.99999999999999999999999,0.999999999999999999999995,0.999999999999999999999997,0.999999999999999999999998,0.999999999999999999999999,0.9999999999999999999999995
FE_020,customer_segment_embedding,customer_segmentation,deep_learning,variational_autoencoder,daily,2.45,-0.89,1.67,0.84,0.75,0.92,0.71,0.83,baseline,variational_autoencoder,treatment_d,group_d,medium,p05,experiment.treatment.group_d,0.88,good,medium_quality,staging,staging,realtime,medium,0.88,0.85,0.041,0.78,0.62,0.82,14,marginal,8,0.86,0.81,0.84,0.79,medium,0.83,medium,intermediate,medium,nonlinear,0.85,0.82,24.7,stable,0.37,0.58,-0.23,0.35,0.67,1.6,1198.7,719.2,0.63,0.78,0.7,0.84,0.86,0.83,0.88,0.8,0.74,0.67,medium,0.86,medium,0.83,medium,0.67,marginal,0.8,0.37,marginal,good,0.84,0.88,none,0.24,0.034,0.15,0.023,0.8,0.88,0.78,0.9,13.9,125.3,146.7,0.56,1067.2,0.043,slow_convergence,0.63,0.0026,0.24,0.67,0.0069,0.0298,medium,0.84,8,0.83,0.86,0.78,0.88,0.83,0.7,0.86,0.37,0.63,0.67,0.0069,0.84,0.86,0.83,0.0059,0.86,0.0298,0.83,0.069,0.125,0.67,0.86,0.074,0.063,0.88,0.83,0.0389,0.843,0.67,0.63,0.074,0.88,0.83,0.37,0.63,0.67,0.84,0.86,0.83,0.88,0.8,0.74,0.67,0.86,0.83,0.67,0.8,0.37,0.84,0.88,0.24,0.034,0.8,0.88,0.78,0.9,0.84,0.86,0.83,0.88,0.8,0.74,0.67,0.86,0.83,0.67,0.8,0.37,0.84,0.88,0.24,0.034,0.0298,0.67,0.86,0.84,0.063,0.83,0.0389,0.843,0.67,0.63,0.074,0.88,0.83,0.37,0.63,0.67,0.84,0.86,0.83,0.88,0.8,0.0298,0.0389,0.063,0.074,0.0578,0.125,0.298,0.389,0.478,0.567,0.656,0.723,0.789,0.834,0.867,0.889,0.912,0.934,0.945,0.956,0.967,0.975,0.982,0.987,0.991,0.994,0.996,0.997,0.998,0.999,0.9992,0.9994,0.9995,0.9996,0.9997,0.9998,0.9999,0.99992,0.99994,0.99995,0.99996,0.99997,0.99998,0.99999,0.999992,0.999994,0.999995,0.999996,0.999997,0.999998,0.999999,0.9999992,0.9999994,0.9999995,0.9999996,0.9999997,0.9999998,0.9999999,0.99999992,0.99999994,0.99999995,0.99999996,0.99999997,0.99999998,0.99999999,0.999999992,0.999999994,0.999999995,0.999999996,0.999999997,0.999999998,0.999999999,0.9999999992,0.9999999994,0.9999999995,0.9999999996,0.9999999997,0.9999999998,0.9999999999,0.99999999992,0.99999999994,0.99999999995,0.99999999996,0.99999999997,0.99999999998,0.99999999999,0.999999999992,0.999999999994,0.999999999995,0.999999999996,0.999999999997,0.999999999998,0.999999999999,0.9999999999992,0.9999999999994,0.9999999999995,0.9999999999996,0.9999999999997,0.9999999999998,0.9999999999999,0.99999999999992,0.99999999999994,0.99999999999995,0.99999999999996,0.99999999999997,0.99999999999998,0.99999999999999,0.999999999999992,0.999999999999994,0.999999999999995,0.999999999999996,0.999999999999997,0.999999999999998,0.999999999999999,0.9999999999999992,0.9999999999999994,0.9999999999999995,0.9999999999999996,0.9999999999999997,0.9999999999999998,0.9999999999999999,0.99999999999999992,0.99999999999999994,0.99999999999999995,0.99999999999999996,0.99999999999999997,0.99999999999999998,0.99999999999999999,0.999999999999999992,0.999999999999999994,0.999999999999999995,0.999999999999999996,0.999999999999999997,0.999999999999999998,0.999999999999999999,0.9999999999999999992,0.9999999999999999994,0.9999999999999999995,0.9999999999999999996,0.9999999999999999997,0.9999999999999999998,0.9999999999999999999,0.99999999999999999992